"0","lm_fit %>% update_formula(Sale_Price ~ Longitude)"
"1","â•â• Workflow â•â•â•â•â•â•â•â•â•â•â•â•â•â•â•â•â•â•â•â•â•â•â•â•â•â•â•â•â•â•â•â•â•â•â•â•â•â•â•â•â•â•â•â•â•â•â•â•â•â•â•â•â•â•â•â•â•â•â•"
"1",""
"1","
"
"1","[3mPreprocessor:[23m Formula"
"1",""
"1","
"
"1","[3mModel:[23m linear_reg()"
"1",""
"1","
"
"1",""
"1",""
"1","
"
"1","â”€â”€ Preprocessor â”€â”€â”€â”€â”€â”€â”€â”€â”€â”€â”€â”€â”€â”€â”€â”€â”€â”€â”€â”€â”€â”€â”€â”€â”€â”€â”€â”€â”€â”€â”€â”€â”€â”€â”€â”€â”€â”€â”€â”€â”€â”€â”€â”€â”€â”€â”€â”€â”€â”€â”€â”€â”€â”€â”€"
"1",""
"1","
"
"1","Sale_Price ~ Longitude"
"1",""
"1","
"
"1",""
"1",""
"1","
"
"1","â”€â”€ Model â”€â”€â”€â”€â”€â”€â”€â”€â”€â”€â”€â”€â”€â”€â”€â”€â”€â”€â”€â”€â”€â”€â”€â”€â”€â”€â”€â”€â”€â”€â”€â”€â”€â”€â”€â”€â”€â”€â”€â”€â”€â”€â”€â”€â”€â”€â”€â”€â”€â”€â”€â”€â”€â”€â”€â”€â”€â”€â”€â”€â”€â”€"
"1",""
"1","
"
"1","Linear Regression"
"1",""
"1"," Model Specification ("
"1",""
"1","regression"
"1",""
"1",")

"
"1","Computational engine:"
"1"," "
"1","lm"
"1"," "
"1","

"
